,99.37258687258688
Denuvo Anti-tamper<br>5 different PC within a day machine activation limit,0.16537020213490802
Denuvo Anti-tamper,0.15046559164206222
EA on-line activation and Origin client software installation and background use required.,0.05677946854417443
Denuvo Antitamper,0.02413127413127413
Denuvo,0.02200204406086759
Easy Anti-Cheat,0.010646150352032705
Steam DRM,0.007097433568021803
EA online activation and EA app software installation and background use required.,0.007097433568021803
EA on-line activation and Origin client software installation and background use required,0.006387690211219623
Denuvo Anti-Tamper,0.004968203497615262
Cakewalk: E-Mail<br>No machine activation limit,0.004258460140813082
Denuvo<br>5 Activations per 24 hours machine activation limit,0.004258460140813082
Reality Pump,0.004258460140813082
SecuROM™,0.0035487167840109017
Trend Redaktions- und Verlagsgesellschaft mbH,0.0035487167840109017
Denuvo copy protection system,0.0035487167840109017
CUR3D UG (haftungsbeschränkt),0.0028389734272087214
Denuvo Anti-tamper<br>5 activations within 24 hours for a single user on different machines machine activation limit machine activation limit,0.0028389734272087214
Cakewalk: E-Mail<br>None machine activation limit,0.0028389734272087214
K App.<br>KGSS(K GAME Security System) machine activation limit,0.0028389734272087214
GalaLauncher<br>Account Sharing Not Allowed machine activation limit,0.0028389734272087214
Denuvo Anti-tamper<br>5 machine activation limit,0.0028389734272087214
Reality Pump<br>no machine activation limit,0.0028389734272087214
Requires a Kalypso account,0.0028389734272087214
YoYo Games<br>3 different computers (with unlimited re-activations on each one) machine activation limit,0.0028389734272087214
Games for Windows Live,0.0028389734272087214
GalaEngine<br>Account Sharing Not Allowed machine activation limit,0.002129230070406541
Denuvo Anti-tamper<br>5 a day machine activation limit,0.002129230070406541
None,0.002129230070406541
Kalypso Launcher (Account registration optional),0.002129230070406541
N/A<br>N/A machine activation limit,0.002129230070406541
Reality Pump DLM V2<br>none machine activation limit,0.002129230070406541
Denuvo Anti-tamper<br>5 Activations per 24 hours machine activation limit,0.002129230070406541
Denuvo Anti-Tamper<br>5 Activations per 24 hours machine activation limit,0.002129230070406541
None<br>None machine activation limit,0.002129230070406541
Ubisoft’s Online Services Platform. Ubisoft requires a permanent Internet connection to play this video game at all times.,0.002129230070406541
Unity,0.002129230070406541
NONE,0.002129230070406541
Wingware<br>none,0.002129230070406541
VM Protect,0.002129230070406541
simple key,0.0014194867136043607
Audials AG<br>no machine activation limit,0.0014194867136043607
Microsoft Playfab,0.0014194867136043607
Reality Pump DLM V2<br>no machine activation limit,0.0014194867136043607
Cakewalk: E-mail<br>No machine activation limit,0.0014194867136043607
Denuvo Support,0.0014194867136043607
Varstep Studios DRM,0.0014194867136043607
BattlEye,0.0014194867136043607
Uplay Account Required,0.0014194867136043607
Seventh Knight<br>3 different computers (with unlimited re-activations on each one) machine activation limit,0.0014194867136043607
Stardock SAS<br>Adds 4 additional active installs to license machine activation limit,0.0014194867136043607
Denuvo Anti-Tamper<br>5 a day machine activation limit,0.0014194867136043607
Starforce ProActive<br>10 concurrent machine activation limit,0.0014194867136043607
Audials AG,0.0014194867136043607
Stardock SAS<br>5 concurrent machine activation limit,0.0014194867136043607
Stardock SAS<br>1 concurrent machine activation limit,0.0014194867136043607
DRM Free!,0.0014194867136043607
Stardock SAS<br>1 KVM host+secondary; 1 KM Primary+8 KM secondaries. machine activation limit,0.0014194867136043607
Denuvo<br>5 different machines within 24 hrs. machine activation limit,0.0014194867136043607
Denuvo Anti-Temper<br>5 a day machine activation limit,0.0014194867136043607
SecuROM™<br>50 machine activation limit,0.0014194867136043607
Stardock SAS<br>1 PC (concurrent use) machine activation limit,0.0014194867136043607
Stardock Account,0.0014194867136043607
Denuvo<br>N/A machine activation limit,0.0014194867136043607
Microsoft Games for Windows Live,0.0014194867136043607
Bronuvo Anti-Tamper Pyrate System<br>999 machine activation limit,7.097433568021803E-4
Easy Anti-Cheat<br>NO LIMIT machine activation limit,7.097433568021803E-4
"Currently we are the providers.<br>it's \"turn based\" multiplayer so it doesn't really matter machine activation limit",7.097433568021803E-4
my.com,7.097433568021803E-4
Pretty Bad Games<br>Unlimited machine activations,7.097433568021803E-4
Denuvo<br>5 machine activation limit,7.097433568021803E-4
nProtect GameGuard,7.097433568021803E-4
Denuvo Anti-tamper<br>5 within 24 hours machine activation limit,7.097433568021803E-4
CrackProof,7.097433568021803E-4
MoYi Technology,7.097433568021803E-4
Denuvo Anti-Tampering,7.097433568021803E-4
Valeroa Anti-Tamper,7.097433568021803E-4
Easy Anti-Cheat<br>No Limit machine activation limit,7.097433568021803E-4
Additional EULA<br>5 machine activation limit,7.097433568021803E-4
XIGNCODE3,7.097433568021803E-4
Google Firebase<br>Unlimited machine activations,7.097433568021803E-4
http://www.yingyusha.com/<br>下载安装登录游戏后点击立即注册即可 machine activation limit,7.097433568021803E-4
Open Game License v 1.0a,7.097433568021803E-4
World Of Stalkers,7.097433568021803E-4
Wingware<br>No machine activation limit,7.097433568021803E-4
Starforce ProActive<br>3 Activations concurrent machine activation limit,7.097433568021803E-4
Independent developer<br>no machine activation limit,7.097433568021803E-4
RedShell,7.097433568021803E-4
LONGMIRE® CONTROL SYSTEM<br>1 PC machine activation limit,7.097433568021803E-4
Playfab.com<br>100000 machine activation limit,7.097433568021803E-4
http://wr-genesis.cba.pl<br>9999 machine activation limit,7.097433568021803E-4
Act Control<br>5 machine activation limit,7.097433568021803E-4
Denuvo Anti-Tamper<br>5 different PC within a day machine activation limit,7.097433568021803E-4
Reality Pump DLM V2,7.097433568021803E-4
Denuvo Anti-tamperenu,7.097433568021803E-4
Inebro,7.097433568021803E-4
Account creation is required through the game launcher or our website https://fff3.io/,7.097433568021803E-4
PlayReady,7.097433568021803E-4
RealFlight online activation,7.097433568021803E-4
Unity Asset Store (free content),7.097433568021803E-4
WFS,7.097433568021803E-4
EA on-line activation required.,7.097433568021803E-4
My.com,7.097433568021803E-4
Stardock SAS<br>1 PC machine activation limit,7.097433568021803E-4
Kronecker Delta DRM,7.097433568021803E-4
Nanome,7.097433568021803E-4
BattlEye<br>Unlimited machine activations,7.097433568021803E-4
Knife Edge Online Activation,7.097433568021803E-4
Denuvo Anti-Tampering<br>5 different PC within a day machine activation limit. machine activation limit,7.097433568021803E-4
"11 Feb, 2016",7.097433568021803E-4
Requires a free Kalypso account,7.097433568021803E-4
NONE<br>NO LIMIT machine activation limit,7.097433568021803E-4
Mixamo,7.097433568021803E-4
Reality Pump<br>No machine activation limit,7.097433568021803E-4
Tages Solidshield<br>5 machine activation limit,7.097433568021803E-4
TAGES Solidshield<br>5 machine activation limit,7.097433568021803E-4
"Adventure, Free to Play, Indie",7.097433568021803E-4
Eversim<br>3 different computers (with unlimited re-activations on each one) machine activation limit,7.097433568021803E-4
GameShield,7.097433568021803E-4
Themida<br>5 machine activation limit,7.097433568021803E-4
Reality Pump<br>5 machine activation limit,7.097433568021803E-4
"1 Feb, 2021",7.097433568021803E-4
TAGES™,7.097433568021803E-4
Games for Windows LiveActivation Limit: One per G4WL account,7.097433568021803E-4
Starforce ProActive,7.097433568021803E-4
The content of this page is licensed under Creative Commons Attribution-ShareAlike 3.0 License,7.097433568021803E-4
Stardock SAS<br>5 PCs (1 concurrent) machine activation limit,7.097433568021803E-4
Twitch<br>NO LIMIT machine activation limit,7.097433568021803E-4
Tages Solidshield<br>3 machine activation limit,7.097433568021803E-4
Games for Windows Live<br>One per GFWL Account machine activation limit,7.097433568021803E-4
Uplay<br>Unlimited machine activations,7.097433568021803E-4
No 3rd Party DRM,7.097433568021803E-4
Unreal engine<br>1 PC (concurrent use) machine activation limit,7.097433568021803E-4
"30 Apr, 2014",7.097433568021803E-4
Uplay,7.097433568021803E-4
K.J.Pi DRM<br>Одна активация,7.097433568021803E-4
TAGES™<br>3 machine activation limit,7.097433568021803E-4
Activation code<br>Renewal on request,7.097433568021803E-4
Games for Windows Live<br>1 / GFWL Account machine activation limit,7.097433568021803E-4
Ubisoft account required,7.097433568021803E-4
Trainz DLC Activation Server<br>Unlimited machine activations,7.097433568021803E-4
K.J.Pi DRM<br>1 machine activation limit,7.097433568021803E-4
Anti-tamper<br>5 Activations per 24 hours machine activation limit,7.097433568021803E-4
